feature	protein_position	length	tot_synmis	mtr_obs	mtr_exp	mtr	fdr
ENST00000319410	1	626	16	0.6880000000	0.7160000000	0.9600000000	0.9800000000
ENST00000319410	2	626	18	0.6110000000	0.7110000000	0.8590000000	0.8020000000
ENST00000319410	3	626	19	0.6320000000	0.7080000000	0.8930000000	0.8170000000
ENST00000319410	4	626	19	0.6320000000	0.6960000000	0.9080000000	0.9100000000
ENST00000319410	5	626	22	0.6360000000	0.6940000000	0.9180000000	0.9200000000
ENST00000319410	6	626	22	0.6360000000	0.7050000000	0.9030000000	0.8380000000
ENST00000319410	7	626	24	0.6670000000	0.7020000000	0.9490000000	0.9300000000
ENST00000319410	8	626	25	0.6800000000	0.7000000000	0.9710000000	0.9800000000
ENST00000319410	9	626	25	0.6800000000	0.7130000000	0.9530000000	0.9320000000
ENST00000319410	10	626	25	0.6800000000	0.7110000000	0.9570000000	0.9800000000
ENST00000319410	11	626	26	0.6540000000	0.7180000000	0.9100000000	0.8540000000
ENST00000319410	12	626	27	0.6670000000	0.7290000000	0.9140000000	0.8560000000
ENST00000319410	13	626	29	0.7240000000	0.7250000000	0.9980000000	1.0000000000
ENST00000319410	14	626	27	0.7410000000	0.7360000000	1.0060000000	1.0000000000
ENST00000319410	15	626	27	0.7410000000	0.7320000000	1.0120000000	1.0000000000
ENST00000319410	16	626	28	0.7500000000	0.7420000000	1.0110000000	1.0000000000
ENST00000319410	17	626	26	0.7690000000	0.7360000000	1.0450000000	0.9800000000
ENST00000319410	18	626	25	0.8000000000	0.7290000000	1.0970000000	0.8500000000
ENST00000319410	19	626	23	0.7830000000	0.7180000000	1.0900000000	0.9200000000
ENST00000319410	20	626	24	0.7920000000	0.7180000000	1.1020000000	0.8480000000
ENST00000319410	21	626	23	0.7830000000	0.7280000000	1.0750000000	0.9210000000
ENST00000319410	22	626	24	0.7920000000	0.7220000000	1.0960000000	0.9220000000
ENST00000319410	23	626	24	0.8750000000	0.7220000000	1.2120000000	0.4770000000
ENST00000319410	24	626	24	0.8750000000	0.7220000000	1.2120000000	0.4770000000
ENST00000319410	25	626	24	0.8750000000	0.7390000000	1.1840000000	0.5530000000
ENST00000319410	26	626	22	0.9090000000	0.7390000000	1.2300000000	0.4350000000
ENST00000319410	27	626	26	0.8460000000	0.7290000000	1.1600000000	0.6670000000
ENST00000319410	28	626	25	0.8400000000	0.7290000000	1.1520000000	0.6640000000
ENST00000319410	29	626	27	0.8150000000	0.7400000000	1.1010000000	0.8530000000
ENST00000319410	30	626	30	0.8000000000	0.7360000000	1.0870000000	0.8720000000
ENST00000319410	31	626	32	0.7810000000	0.7470000000	1.0450000000	0.9840000000
ENST00000319410	32	626	31	0.8060000000	0.7470000000	1.0790000000	0.8740000000
ENST00000319410	33	626	30	0.8000000000	0.7310000000	1.0950000000	0.8720000000
ENST00000319410	34	626	28	0.7860000000	0.7420000000	1.0590000000	0.9800000000
ENST00000319410	35	626	27	0.7780000000	0.7310000000	1.0640000000	0.9360000000
ENST00000319410	36	626	28	0.7860000000	0.7360000000	1.0670000000	0.9360000000
ENST00000319410	37	626	28	0.7860000000	0.7360000000	1.0670000000	0.9360000000
ENST00000319410	38	626	28	0.7500000000	0.7460000000	1.0060000000	1.0000000000
ENST00000319410	39	626	27	0.7410000000	0.7640000000	0.9700000000	0.9800000000
ENST00000319410	40	626	30	0.7330000000	0.7790000000	0.9410000000	0.8550000000
ENST00000319410	41	626	30	0.7000000000	0.7730000000	0.9050000000	0.7650000000
ENST00000319410	42	626	28	0.6790000000	0.7730000000	0.8770000000	0.6570000000
ENST00000319410	43	626	29	0.6550000000	0.7780000000	0.8420000000	0.4880000000
ENST00000319410	44	626	31	0.6770000000	0.7780000000	0.8710000000	0.5910000000
ENST00000319410	45	626	31	0.6770000000	0.7720000000	0.8770000000	0.6020000000
ENST00000319410	46	626	32	0.6880000000	0.7710000000	0.8920000000	0.6890000000
ENST00000319410	47	626	32	0.6880000000	0.7710000000	0.8920000000	0.6890000000
ENST00000319410	48	626	28	0.7140000000	0.7810000000	0.9150000000	0.7530000000
ENST00000319410	49	626	28	0.7140000000	0.7910000000	0.9030000000	0.7400000000
ENST00000319410	50	626	25	0.7200000000	0.7900000000	0.9120000000	0.8190000000
ENST00000319410	51	626	22	0.7270000000	0.7800000000	0.9330000000	0.9040000000
ENST00000319410	52	626	21	0.7620000000	0.7680000000	0.9920000000	1.0000000000
ENST00000319410	53	626	21	0.7620000000	0.7680000000	0.9920000000	1.0000000000
ENST00000319410	54	626	23	0.7390000000	0.7810000000	0.9470000000	0.9090000000
ENST00000319410	55	626	21	0.7140000000	0.7800000000	0.9160000000	0.8030000000
ENST00000319410	56	626	21	0.7140000000	0.7800000000	0.9160000000	0.8030000000
ENST00000319410	57	626	21	0.7140000000	0.7780000000	0.9180000000	0.8050000000
ENST00000319410	58	626	21	0.6670000000	0.7780000000	0.8560000000	0.6870000000
ENST00000319410	59	626	21	0.6670000000	0.7840000000	0.8500000000	0.5840000000
ENST00000319410	60	626	22	0.6820000000	0.7830000000	0.8710000000	0.6940000000
ENST00000319410	61	626	20	0.7000000000	0.7730000000	0.9060000000	0.7970000000
ENST00000319410	62	626	19	0.7890000000	0.7900000000	1.0000000000	1.0000000000
ENST00000319410	63	626	20	0.8000000000	0.7900000000	1.0130000000	1.0000000000
ENST00000319410	64	626	19	0.8420000000	0.7950000000	1.0590000000	0.9800000000
ENST00000319410	65	626	17	0.7650000000	0.8060000000	0.9490000000	0.9800000000
ENST00000319410	66	626	17	0.7060000000	0.8060000000	0.8760000000	0.7410000000
ENST00000319410	67	626	16	0.6880000000	0.8070000000	0.8520000000	0.6150000000
ENST00000319410	68	626	16	0.6250000000	0.8170000000	0.7650000000	0.4510000000
ENST00000319410	69	626	16	0.6250000000	0.8070000000	0.7750000000	0.4620000000
ENST00000319410	70	626	17	0.6470000000	0.7970000000	0.8120000000	0.5130000000
ENST00000319410	71	626	18	0.6670000000	0.7870000000	0.8480000000	0.6460000000
ENST00000319410	72	626	19	0.6320000000	0.7870000000	0.8030000000	0.5420000000
ENST00000319410	73	626	19	0.5790000000	0.7870000000	0.7360000000	0.3300000000
ENST00000319410	74	626	23	0.6090000000	0.7770000000	0.7840000000	0.4070000000
ENST00000319410	75	626	24	0.6670000000	0.7780000000	0.8570000000	0.6180000000
ENST00000319410	76	626	24	0.6670000000	0.7790000000	0.8560000000	0.6160000000
ENST00000319410	77	626	26	0.6920000000	0.7790000000	0.8890000000	0.7330000000
ENST00000319410	78	626	27	0.7040000000	0.7690000000	0.9150000000	0.8410000000
ENST00000319410	79	626	29	0.7590000000	0.7700000000	0.9850000000	0.9800000000
ENST00000319410	80	626	30	0.8000000000	0.7720000000	1.0370000000	0.9810000000
ENST00000319410	81	626	30	0.7670000000	0.7620000000	1.0060000000	1.0000000000
ENST00000319410	82	626	30	0.7330000000	0.7620000000	0.9620000000	0.9370000000
ENST00000319410	83	626	32	0.7500000000	0.7510000000	0.9980000000	1.0000000000
ENST00000319410	84	626	33	0.7580000000	0.7420000000	1.0210000000	1.0000000000
ENST00000319410	85	626	33	0.7580000000	0.7420000000	1.0210000000	1.0000000000
ENST00000319410	86	626	32	0.7810000000	0.7420000000	1.0530000000	0.9530000000
ENST00000319410	87	626	32	0.8120000000	0.7570000000	1.0740000000	0.8760000000
ENST00000319410	88	626	33	0.7880000000	0.7570000000	1.0410000000	0.9840000000
ENST00000319410	89	626	34	0.7940000000	0.7470000000	1.0630000000	0.9550000000
ENST00000319410	90	626	35	0.7710000000	0.7580000000	1.0180000000	1.0000000000
ENST00000319410	91	626	33	0.7580000000	0.7580000000	0.9990000000	1.0000000000
ENST00000319410	92	626	33	0.7580000000	0.7690000000	0.9850000000	0.9830000000
ENST00000319410	93	626	34	0.7650000000	0.7780000000	0.9820000000	0.9830000000
ENST00000319410	94	626	33	0.7880000000	0.7870000000	1.0010000000	1.0000000000
ENST00000319410	95	626	30	0.8000000000	0.7960000000	1.0060000000	1.0000000000
ENST00000319410	96	626	28	0.7860000000	0.7940000000	0.9890000000	0.9800000000
ENST00000319410	97	626	31	0.7740000000	0.7890000000	0.9810000000	0.9800000000
ENST00000319410	98	626	33	0.7580000000	0.7890000000	0.9600000000	0.9350000000
ENST00000319410	99	626	33	0.7580000000	0.8000000000	0.9470000000	0.8570000000
ENST00000319410	100	626	31	0.7420000000	0.7990000000	0.9290000000	0.8460000000
ENST00000319410	101	626	30	0.7330000000	0.7880000000	0.9310000000	0.8470000000
ENST00000319410	102	626	30	0.7670000000	0.7930000000	0.9660000000	0.9260000000
ENST00000319410	103	626	30	0.8000000000	0.8040000000	0.9940000000	1.0000000000
ENST00000319410	104	626	28	0.7860000000	0.8150000000	0.9650000000	0.9130000000
ENST00000319410	105	626	27	0.7780000000	0.8090000000	0.9610000000	0.9120000000
ENST00000319410	106	626	26	0.7690000000	0.8090000000	0.9510000000	0.9100000000
ENST00000319410	107	626	26	0.7690000000	0.7990000000	0.9630000000	0.9130000000
ENST00000319410	108	626	27	0.7780000000	0.8000000000	0.9720000000	0.9800000000
ENST00000319410	109	626	26	0.8080000000	0.7890000000	1.0240000000	1.0000000000
ENST00000319410	110	626	25	0.8400000000	0.7990000000	1.0510000000	0.9800000000
ENST00000319410	111	626	25	0.8800000000	0.7990000000	1.1020000000	0.8150000000
ENST00000319410	112	626	26	0.8850000000	0.7990000000	1.1070000000	0.7310000000
ENST00000319410	113	626	26	0.8460000000	0.7970000000	1.0620000000	0.9150000000
ENST00000319410	114	626	25	0.8400000000	0.7870000000	1.0680000000	0.9140000000
ENST00000319410	115	626	28	0.8570000000	0.7890000000	1.0870000000	0.8400000000
ENST00000319410	116	626	31	0.8390000000	0.7900000000	1.0620000000	0.9290000000
ENST00000319410	117	626	31	0.8060000000	0.7910000000	1.0190000000	1.0000000000
ENST00000319410	118	626	31	0.8390000000	0.7970000000	1.0530000000	0.9290000000
ENST00000319410	119	626	27	0.8520000000	0.7970000000	1.0690000000	0.9150000000
ENST00000319410	120	626	25	0.8400000000	0.7970000000	1.0540000000	0.9800000000
ENST00000319410	121	626	26	0.8460000000	0.7920000000	1.0680000000	0.9140000000
ENST00000319410	122	626	26	0.8080000000	0.7900000000	1.0220000000	1.0000000000
ENST00000319410	123	626	26	0.8080000000	0.7850000000	1.0300000000	1.0000000000
ENST00000319410	124	626	26	0.7690000000	0.7730000000	0.9950000000	1.0000000000
ENST00000319410	125	626	26	0.7310000000	0.7750000000	0.9430000000	0.9160000000
ENST00000319410	126	626	25	0.7200000000	0.7910000000	0.9100000000	0.8180000000
ENST00000319410	127	626	25	0.7200000000	0.7870000000	0.9150000000	0.8210000000
ENST00000319410	128	626	25	0.6800000000	0.7970000000	0.8540000000	0.5270000000
ENST00000319410	129	626	25	0.6800000000	0.7960000000	0.8550000000	0.6100000000
ENST00000319410	130	626	27	0.6670000000	0.8040000000	0.8290000000	0.4330000000
ENST00000319410	131	626	27	0.6670000000	0.8060000000	0.8280000000	0.4300000000
ENST00000319410	132	626	29	0.6550000000	0.8060000000	0.8130000000	0.3660000000
ENST00000319410	133	626	29	0.6210000000	0.8000000000	0.7760000000	0.2920000000
ENST00000319410	134	626	30	0.6670000000	0.8010000000	0.8320000000	0.3970000000
ENST00000319410	135	626	29	0.6900000000	0.8010000000	0.8610000000	0.5470000000
ENST00000319410	136	626	27	0.6300000000	0.7900000000	0.7970000000	0.3630000000
ENST00000319410	137	626	26	0.6150000000	0.7910000000	0.7780000000	0.3430000000
ENST00000319410	138	626	27	0.6300000000	0.7910000000	0.7960000000	0.3600000000
ENST00000319410	139	626	26	0.5380000000	0.7750000000	0.6950000000	0.1620000000
ENST00000319410	140	626	27	0.5560000000	0.7750000000	0.7170000000	0.1820000000
ENST00000319410	141	626	28	0.5360000000	0.7750000000	0.6910000000	0.1360000000
ENST00000319410	142	626	28	0.5000000000	0.7750000000	0.6450000000	0.0920000000
ENST00000319410	143	626	27	0.5190000000	0.7770000000	0.6670000000	0.1190000000
ENST00000319410	144	626	27	0.5190000000	0.7800000000	0.6650000000	0.1160000000
ENST00000319410	145	626	26	0.5380000000	0.7900000000	0.6820000000	0.1420000000
ENST00000319410	146	626	28	0.5710000000	0.7790000000	0.7340000000	0.2370000000
ENST00000319410	147	626	28	0.5710000000	0.7680000000	0.7440000000	0.2510000000
ENST00000319410	148	626	28	0.5710000000	0.7620000000	0.7490000000	0.2620000000
ENST00000319410	149	626	28	0.6070000000	0.7580000000	0.8010000000	0.4090000000
ENST00000319410	150	626	26	0.5770000000	0.7540000000	0.7650000000	0.3240000000
ENST00000319410	151	626	26	0.6150000000	0.7570000000	0.8130000000	0.4710000000
ENST00000319410	152	626	25	0.6000000000	0.7460000000	0.8040000000	0.4690000000
ENST00000319410	153	626	22	0.5910000000	0.7450000000	0.7940000000	0.5200000000
ENST00000319410	154	626	21	0.6190000000	0.7540000000	0.8210000000	0.5990000000
ENST00000319410	155	626	21	0.6190000000	0.7450000000	0.8310000000	0.6100000000
ENST00000319410	156	626	22	0.6360000000	0.7450000000	0.8550000000	0.6340000000
ENST00000319410	157	626	24	0.6670000000	0.7450000000	0.8950000000	0.7460000000
ENST00000319410	158	626	21	0.6670000000	0.7320000000	0.9100000000	0.8260000000
ENST00000319410	159	626	20	0.7000000000	0.7310000000	0.9580000000	0.9800000000
ENST00000319410	160	626	19	0.7370000000	0.7360000000	1.0010000000	1.0000000000
ENST00000319410	161	626	18	0.7220000000	0.7420000000	0.9740000000	0.9800000000
ENST00000319410	162	626	17	0.7650000000	0.7420000000	1.0310000000	1.0000000000
ENST00000319410	163	626	17	0.8240000000	0.7440000000	1.1060000000	0.8980000000
ENST00000319410	164	626	17	0.8240000000	0.7560000000	1.0900000000	0.9800000000
ENST00000319410	165	626	17	0.7650000000	0.7530000000	1.0160000000	1.0000000000
ENST00000319410	166	626	20	0.7000000000	0.7360000000	0.9510000000	0.9800000000
ENST00000319410	167	626	18	0.6670000000	0.7350000000	0.9070000000	0.9010000000
ENST00000319410	168	626	21	0.6670000000	0.7440000000	0.8960000000	0.8140000000
ENST00000319410	169	626	22	0.6360000000	0.7440000000	0.8550000000	0.6340000000
ENST00000319410	170	626	23	0.6090000000	0.7390000000	0.8240000000	0.5470000000
ENST00000319410	171	626	23	0.6090000000	0.7430000000	0.8190000000	0.5400000000
ENST00000319410	172	626	22	0.5450000000	0.7360000000	0.7410000000	0.3540000000
ENST00000319410	173	626	23	0.5650000000	0.7460000000	0.7580000000	0.3630000000
ENST00000319410	174	626	23	0.5650000000	0.7360000000	0.7680000000	0.4470000000
ENST00000319410	175	626	25	0.6000000000	0.7490000000	0.8010000000	0.4650000000
ENST00000319410	176	626	23	0.5650000000	0.7490000000	0.7550000000	0.3570000000
ENST00000319410	177	626	23	0.5650000000	0.7600000000	0.7440000000	0.3370000000
ENST00000319410	178	626	21	0.5710000000	0.7600000000	0.7520000000	0.3930000000
ENST00000319410	179	626	21	0.5710000000	0.7650000000	0.7470000000	0.3880000000
ENST00000319410	180	626	21	0.5710000000	0.7670000000	0.7450000000	0.3870000000
ENST00000319410	181	626	21	0.6190000000	0.7750000000	0.7980000000	0.4760000000
ENST00000319410	182	626	21	0.6190000000	0.7800000000	0.7940000000	0.4700000000
ENST00000319410	183	626	22	0.5910000000	0.7660000000	0.7720000000	0.4040000000
ENST00000319410	184	626	21	0.5240000000	0.7670000000	0.6830000000	0.2200000000
ENST00000319410	185	626	21	0.5240000000	0.7660000000	0.6840000000	0.2220000000
ENST00000319410	186	626	20	0.5500000000	0.7760000000	0.7090000000	0.2710000000
ENST00000319410	187	626	19	0.5790000000	0.7940000000	0.7290000000	0.3170000000
ENST00000319410	188	626	18	0.6110000000	0.8010000000	0.7630000000	0.3930000000
ENST00000319410	189	626	16	0.5620000000	0.8020000000	0.7010000000	0.2620000000
ENST00000319410	190	626	16	0.6250000000	0.8080000000	0.7740000000	0.4610000000
ENST00000319410	191	626	14	0.6430000000	0.8190000000	0.7850000000	0.5410000000
ENST00000319410	192	626	14	0.6430000000	0.8200000000	0.7840000000	0.5400000000
ENST00000319410	193	626	14	0.7140000000	0.8260000000	0.8650000000	0.6830000000
ENST00000319410	194	626	14	0.6430000000	0.8100000000	0.7940000000	0.5490000000
ENST00000319410	195	626	16	0.6880000000	0.8100000000	0.8490000000	0.6060000000
ENST00000319410	196	626	17	0.7060000000	0.7880000000	0.8960000000	0.7650000000
ENST00000319410	197	626	20	0.6500000000	0.7870000000	0.8260000000	0.5560000000
ENST00000319410	198	626	21	0.6670000000	0.7870000000	0.8480000000	0.5790000000
ENST00000319410	199	626	21	0.6670000000	0.7920000000	0.8420000000	0.5670000000
ENST00000319410	200	626	22	0.6820000000	0.7930000000	0.8590000000	0.5890000000
ENST00000319410	201	626	21	0.6670000000	0.7810000000	0.8540000000	0.5920000000
ENST00000319410	202	626	21	0.6670000000	0.7720000000	0.8630000000	0.6920000000
ENST00000319410	203	626	22	0.6820000000	0.7720000000	0.8830000000	0.7090000000
ENST00000319410	204	626	22	0.7270000000	0.7750000000	0.9390000000	0.9060000000
ENST00000319410	205	626	21	0.7620000000	0.7760000000	0.9820000000	0.9800000000
ENST00000319410	206	626	22	0.7270000000	0.7660000000	0.9490000000	0.9100000000
ENST00000319410	207	626	23	0.7390000000	0.7570000000	0.9770000000	0.9800000000
ENST00000319410	208	626	23	0.7830000000	0.7550000000	1.0360000000	1.0000000000
ENST00000319410	209	626	26	0.7310000000	0.7500000000	0.9740000000	0.9800000000
ENST00000319410	210	626	26	0.7310000000	0.7490000000	0.9760000000	0.9800000000
ENST00000319410	211	626	25	0.7200000000	0.7530000000	0.9560000000	0.9220000000
ENST00000319410	212	626	26	0.7310000000	0.7420000000	0.9850000000	0.9800000000
ENST00000319410	213	626	27	0.7410000000	0.7400000000	1.0010000000	1.0000000000
ENST00000319410	214	626	29	0.6900000000	0.7250000000	0.9510000000	0.9430000000
ENST00000319410	215	626	29	0.6900000000	0.7420000000	0.9300000000	0.8640000000
ENST00000319410	216	626	27	0.6670000000	0.7470000000	0.8920000000	0.7600000000
ENST00000319410	217	626	25	0.6400000000	0.7580000000	0.8440000000	0.5550000000
ENST00000319410	218	626	26	0.6150000000	0.7600000000	0.8100000000	0.4660000000
ENST00000319410	219	626	25	0.6000000000	0.7570000000	0.7930000000	0.4550000000
ENST00000319410	220	626	25	0.6000000000	0.7610000000	0.7880000000	0.4510000000
ENST00000319410	221	626	24	0.5830000000	0.7610000000	0.7660000000	0.3570000000
ENST00000319410	222	626	25	0.5600000000	0.7620000000	0.7340000000	0.2850000000
ENST00000319410	223	626	26	0.5380000000	0.7570000000	0.7110000000	0.2350000000
ENST00000319410	224	626	27	0.4810000000	0.7420000000	0.6490000000	0.1170000000
ENST00000319410	225	626	27	0.4440000000	0.7420000000	0.5990000000	0.0740000000
ENST00000319410	226	626	29	0.4830000000	0.7310000000	0.6610000000	0.1360000000
ENST00000319410	227	626	30	0.5330000000	0.7400000000	0.7200000000	0.2370000000
ENST00000319410	228	626	30	0.5330000000	0.7440000000	0.7160000000	0.1910000000
ENST00000319410	229	626	28	0.5000000000	0.7460000000	0.6700000000	0.1570000000
ENST00000319410	230	626	28	0.5710000000	0.7620000000	0.7490000000	0.2620000000
ENST00000319410	231	626	27	0.5930000000	0.7560000000	0.7840000000	0.3960000000
ENST00000319410	232	626	27	0.5930000000	0.7460000000	0.7950000000	0.4120000000
ENST00000319410	233	626	26	0.5770000000	0.7570000000	0.7620000000	0.3170000000
ENST00000319410	234	626	27	0.5930000000	0.7470000000	0.7930000000	0.4090000000
ENST00000319410	235	626	24	0.6250000000	0.7640000000	0.8180000000	0.5300000000
ENST00000319410	236	626	24	0.6670000000	0.7640000000	0.8730000000	0.7280000000
ENST00000319410	237	626	24	0.6670000000	0.7580000000	0.8790000000	0.7310000000
ENST00000319410	238	626	23	0.6520000000	0.7530000000	0.8660000000	0.7250000000
ENST00000319410	239	626	19	0.7370000000	0.7620000000	0.9660000000	0.9800000000
ENST00000319410	240	626	18	0.7220000000	0.7650000000	0.9440000000	0.9000000000
ENST00000319410	241	626	18	0.7220000000	0.7650000000	0.9440000000	0.9000000000
ENST00000319410	242	626	18	0.7220000000	0.7690000000	0.9390000000	0.8980000000
ENST00000319410	243	626	20	0.7500000000	0.7690000000	0.9750000000	0.9800000000
ENST00000319410	244	626	19	0.7890000000	0.7800000000	1.0120000000	1.0000000000
ENST00000319410	245	626	17	0.8820000000	0.7940000000	1.1110000000	0.8810000000
ENST00000319410	246	626	19	0.9470000000	0.7940000000	1.1920000000	0.5380000000
ENST00000319410	247	626	17	0.9410000000	0.8040000000	1.1700000000	0.6260000000
ENST00000319410	248	626	17	0.9410000000	0.7990000000	1.1780000000	0.6260000000
ENST00000319410	249	626	17	0.9410000000	0.8030000000	1.1720000000	0.6260000000
ENST00000319410	250	626	18	0.8890000000	0.7970000000	1.1160000000	0.8830000000
ENST00000319410	251	626	17	0.8820000000	0.7910000000	1.1160000000	0.8810000000
ENST00000319410	252	626	17	0.8820000000	0.7920000000	1.1140000000	0.8810000000
ENST00000319410	253	626	17	0.8820000000	0.7980000000	1.1060000000	0.8810000000
ENST00000319410	254	626	20	0.8000000000	0.7810000000	1.0240000000	1.0000000000
ENST00000319410	255	626	19	0.7370000000	0.7920000000	0.9300000000	0.8910000000
ENST00000319410	256	626	19	0.7370000000	0.7920000000	0.9300000000	0.8910000000
ENST00000319410	257	626	20	0.7500000000	0.7920000000	0.9470000000	0.8990000000
ENST00000319410	258	626	20	0.7500000000	0.7920000000	0.9470000000	0.8990000000
ENST00000319410	259	626	22	0.7270000000	0.7980000000	0.9120000000	0.7950000000
ENST00000319410	260	626	22	0.7270000000	0.7980000000	0.9120000000	0.7950000000
ENST00000319410	261	626	22	0.7270000000	0.7970000000	0.9130000000	0.7960000000
ENST00000319410	262	626	22	0.7270000000	0.7980000000	0.9120000000	0.7950000000
ENST00000319410	263	626	23	0.7390000000	0.7930000000	0.9320000000	0.9040000000
ENST00000319410	264	626	20	0.7500000000	0.7990000000	0.9390000000	0.8950000000
ENST00000319410	265	626	23	0.7390000000	0.7930000000	0.9320000000	0.9040000000
ENST00000319410	266	626	25	0.7600000000	0.7850000000	0.9690000000	0.9800000000
ENST00000319410	267	626	24	0.7500000000	0.7940000000	0.9440000000	0.9070000000
ENST00000319410	268	626	26	0.7690000000	0.7900000000	0.9740000000	0.9800000000
ENST00000319410	269	626	25	0.7600000000	0.7910000000	0.9610000000	0.9130000000
ENST00000319410	270	626	25	0.7200000000	0.7830000000	0.9200000000	0.8240000000
ENST00000319410	271	626	26	0.7310000000	0.7870000000	0.9290000000	0.8300000000
ENST00000319410	272	626	25	0.7200000000	0.7810000000	0.9210000000	0.8260000000
ENST00000319410	273	626	26	0.7310000000	0.7810000000	0.9350000000	0.8360000000
ENST00000319410	274	626	28	0.7500000000	0.7870000000	0.9530000000	0.9200000000
ENST00000319410	275	626	29	0.7930000000	0.8030000000	0.9870000000	0.9800000000
ENST00000319410	276	626	28	0.8210000000	0.7960000000	1.0320000000	1.0000000000
ENST00000319410	277	626	28	0.8210000000	0.7960000000	1.0320000000	1.0000000000
ENST00000319410	278	626	28	0.8210000000	0.7940000000	1.0340000000	1.0000000000
ENST00000319410	279	626	29	0.7930000000	0.7890000000	1.0050000000	1.0000000000
ENST00000319410	280	626	27	0.8150000000	0.7820000000	1.0420000000	0.9800000000
ENST00000319410	281	626	28	0.8210000000	0.7830000000	1.0490000000	0.9800000000
ENST00000319410	282	626	28	0.8210000000	0.7680000000	1.0700000000	0.9260000000
ENST00000319410	283	626	27	0.8150000000	0.7670000000	1.0630000000	0.9250000000
ENST00000319410	284	626	27	0.8150000000	0.7670000000	1.0630000000	0.9250000000
ENST00000319410	285	626	27	0.8150000000	0.7710000000	1.0570000000	0.9800000000
ENST00000319410	286	626	23	0.8260000000	0.7710000000	1.0720000000	0.9130000000
ENST00000319410	287	626	22	0.7730000000	0.7710000000	1.0020000000	1.0000000000
ENST00000319410	288	626	21	0.7620000000	0.7780000000	0.9800000000	0.9800000000
ENST00000319410	289	626	20	0.7500000000	0.7890000000	0.9510000000	0.9010000000
ENST00000319410	290	626	20	0.7500000000	0.7940000000	0.9440000000	0.8980000000
ENST00000319410	291	626	19	0.7890000000	0.8000000000	0.9870000000	1.0000000000
ENST00000319410	292	626	19	0.8420000000	0.7970000000	1.0570000000	0.9800000000
ENST00000319410	293	626	18	0.8330000000	0.7910000000	1.0530000000	1.0000000000
ENST00000319410	294	626	17	0.8240000000	0.7870000000	1.0470000000	1.0000000000
ENST00000319410	295	626	15	0.8000000000	0.7750000000	1.0330000000	1.0000000000
ENST00000319410	296	626	12	0.7500000000	0.7640000000	0.9820000000	1.0000000000
ENST00000319410	297	626	14	0.7140000000	0.7610000000	0.9390000000	0.9800000000
ENST00000319410	298	626	15	0.6670000000	0.7500000000	0.8890000000	0.8800000000
ENST00000319410	299	626	15	0.6000000000	0.7500000000	0.8000000000	0.6310000000
ENST00000319410	300	626	14	0.6430000000	0.7550000000	0.8510000000	0.7410000000
ENST00000319410	301	626	15	0.6000000000	0.7680000000	0.7820000000	0.5090000000
ENST00000319410	302	626	16	0.6250000000	0.7620000000	0.8200000000	0.6380000000
ENST00000319410	303	626	18	0.6110000000	0.7680000000	0.7960000000	0.5440000000
ENST00000319410	304	626	19	0.5790000000	0.7660000000	0.7560000000	0.3770000000
ENST00000319410	305	626	20	0.6000000000	0.7720000000	0.7770000000	0.4640000000
ENST00000319410	306	626	23	0.6090000000	0.7730000000	0.7870000000	0.4140000000
ENST00000319410	307	626	24	0.6250000000	0.7830000000	0.7990000000	0.4180000000
ENST00000319410	308	626	24	0.6250000000	0.7770000000	0.8040000000	0.4300000000
ENST00000319410	309	626	24	0.6250000000	0.7720000000	0.8100000000	0.4440000000
ENST00000319410	310	626	25	0.6400000000	0.7720000000	0.8290000000	0.5350000000
ENST00000319410	311	626	24	0.6250000000	0.7720000000	0.8100000000	0.4440000000
ENST00000319410	312	626	26	0.6150000000	0.7690000000	0.8000000000	0.4550000000
ENST00000319410	313	626	24	0.5830000000	0.7720000000	0.7550000000	0.3380000000
ENST00000319410	314	626	26	0.6150000000	0.7890000000	0.7800000000	0.3460000000
ENST00000319410	315	626	26	0.6150000000	0.7930000000	0.7760000000	0.3410000000
ENST00000319410	316	626	26	0.6150000000	0.8000000000	0.7690000000	0.2670000000
ENST00000319410	317	626	26	0.6150000000	0.8000000000	0.7690000000	0.2670000000
ENST00000319410	318	626	24	0.6250000000	0.8000000000	0.7810000000	0.3200000000
ENST00000319410	319	626	23	0.6520000000	0.8100000000	0.8050000000	0.3810000000
ENST00000319410	320	626	23	0.6090000000	0.8000000000	0.7610000000	0.2950000000
ENST00000319410	321	626	24	0.5830000000	0.8090000000	0.7210000000	0.2130000000
ENST00000319410	322	626	25	0.6400000000	0.8090000000	0.7910000000	0.3200000000
ENST00000319410	323	626	24	0.6250000000	0.8140000000	0.7680000000	0.2860000000
ENST00000319410	324	626	23	0.6520000000	0.8310000000	0.7850000000	0.3300000000
ENST00000319410	325	626	23	0.6960000000	0.8210000000	0.8470000000	0.5550000000
ENST00000319410	326	626	21	0.6670000000	0.8100000000	0.8230000000	0.4560000000
ENST00000319410	327	626	19	0.6840000000	0.7990000000	0.8560000000	0.6470000000
ENST00000319410	328	626	18	0.6670000000	0.7890000000	0.8450000000	0.6430000000
ENST00000319410	329	626	18	0.7220000000	0.7940000000	0.9090000000	0.7740000000
ENST00000319410	330	626	18	0.6670000000	0.7890000000	0.8450000000	0.6430000000
ENST00000319410	331	626	18	0.6110000000	0.7830000000	0.7800000000	0.4340000000
ENST00000319410	332	626	20	0.6500000000	0.7670000000	0.8480000000	0.6840000000
ENST00000319410	333	626	20	0.6500000000	0.7640000000	0.8510000000	0.6860000000
ENST00000319410	334	626	21	0.6670000000	0.7640000000	0.8730000000	0.7020000000
ENST00000319410	335	626	19	0.6320000000	0.7570000000	0.8340000000	0.6800000000
ENST00000319410	336	626	20	0.6000000000	0.7580000000	0.7910000000	0.4820000000
ENST00000319410	337	626	20	0.6000000000	0.7510000000	0.7990000000	0.4970000000
ENST00000319410	338	626	23	0.6090000000	0.7510000000	0.8100000000	0.5290000000
ENST00000319410	339	626	24	0.5830000000	0.7610000000	0.7660000000	0.3570000000
ENST00000319410	340	626	25	0.6000000000	0.7620000000	0.7870000000	0.3800000000
ENST00000319410	341	626	25	0.6800000000	0.7570000000	0.8980000000	0.7450000000
ENST00000319410	342	626	24	0.7080000000	0.7600000000	0.9330000000	0.9140000000
ENST00000319410	343	626	24	0.7080000000	0.7580000000	0.9340000000	0.9140000000
ENST00000319410	344	626	24	0.6670000000	0.7490000000	0.8910000000	0.7400000000
ENST00000319410	345	626	24	0.6670000000	0.7380000000	0.9040000000	0.8370000000
ENST00000319410	346	626	23	0.6520000000	0.7490000000	0.8710000000	0.7280000000
ENST00000319410	347	626	24	0.6670000000	0.7530000000	0.8860000000	0.7360000000
ENST00000319410	348	626	27	0.6300000000	0.7530000000	0.8360000000	0.5690000000
ENST00000319410	349	626	28	0.6070000000	0.7640000000	0.7950000000	0.4000000000
ENST00000319410	350	626	27	0.5930000000	0.7750000000	0.7650000000	0.3020000000
ENST00000319410	351	626	27	0.5930000000	0.7690000000	0.7700000000	0.3130000000
ENST00000319410	352	626	26	0.6150000000	0.7680000000	0.8010000000	0.4560000000
ENST00000319410	353	626	24	0.5830000000	0.7850000000	0.7440000000	0.2580000000
ENST00000319410	354	626	22	0.5910000000	0.7850000000	0.7530000000	0.3070000000
ENST00000319410	355	626	22	0.5910000000	0.7760000000	0.7620000000	0.3920000000
ENST00000319410	356	626	24	0.6250000000	0.7760000000	0.8050000000	0.4330000000
ENST00000319410	357	626	24	0.6670000000	0.7800000000	0.8540000000	0.6150000000
ENST00000319410	358	626	24	0.6670000000	0.7920000000	0.8410000000	0.5130000000
ENST00000319410	359	626	20	0.7000000000	0.8010000000	0.8740000000	0.6620000000
ENST00000319410	360	626	20	0.7500000000	0.8080000000	0.9290000000	0.8890000000
ENST00000319410	361	626	19	0.7370000000	0.7970000000	0.9250000000	0.8880000000
ENST00000319410	362	626	18	0.6670000000	0.8110000000	0.8220000000	0.5070000000
ENST00000319410	363	626	19	0.6320000000	0.8000000000	0.7890000000	0.4230000000
ENST00000319410	364	626	18	0.6110000000	0.8010000000	0.7630000000	0.3930000000
ENST00000319410	365	626	18	0.6670000000	0.8100000000	0.8230000000	0.5100000000
ENST00000319410	366	626	18	0.6670000000	0.8160000000	0.8170000000	0.4950000000
ENST00000319410	367	626	19	0.6840000000	0.8160000000	0.8390000000	0.5260000000
ENST00000319410	368	626	19	0.6840000000	0.8110000000	0.8440000000	0.5380000000
ENST00000319410	369	626	17	0.7650000000	0.8280000000	0.9240000000	0.8570000000
ENST00000319410	370	626	16	0.8120000000	0.8270000000	0.9830000000	0.9800000000
ENST00000319410	371	626	18	0.7780000000	0.8210000000	0.9470000000	0.8790000000
ENST00000319410	372	626	19	0.7890000000	0.8210000000	0.9610000000	0.9800000000
ENST00000319410	373	626	19	0.7890000000	0.8210000000	0.9610000000	0.9800000000
ENST00000319410	374	626	20	0.8000000000	0.8200000000	0.9750000000	0.9800000000
ENST00000319410	375	626	25	0.8400000000	0.8370000000	1.0030000000	1.0000000000
ENST00000319410	376	626	24	0.8330000000	0.8370000000	0.9960000000	1.0000000000
ENST00000319410	377	626	23	0.8260000000	0.8250000000	1.0010000000	1.0000000000
ENST00000319410	378	626	24	0.7920000000	0.8150000000	0.9720000000	0.9800000000
ENST00000319410	379	626	25	0.8000000000	0.8200000000	0.9750000000	0.9800000000
ENST00000319410	380	626	26	0.8080000000	0.8110000000	0.9960000000	1.0000000000
ENST00000319410	381	626	26	0.7690000000	0.8040000000	0.9560000000	0.9110000000
ENST00000319410	382	626	28	0.7500000000	0.8160000000	0.9200000000	0.7300000000
ENST00000319410	383	626	27	0.7780000000	0.8120000000	0.9580000000	0.9110000000
ENST00000319410	384	626	27	0.8150000000	0.8120000000	1.0030000000	1.0000000000
ENST00000319410	385	626	26	0.8080000000	0.8010000000	1.0080000000	1.0000000000
ENST00000319410	386	626	26	0.8080000000	0.8030000000	1.0050000000	1.0000000000
ENST00000319410	387	626	26	0.8080000000	0.8010000000	1.0080000000	1.0000000000
ENST00000319410	388	626	26	0.7690000000	0.8000000000	0.9620000000	0.9130000000
ENST00000319410	389	626	27	0.7410000000	0.8000000000	0.9260000000	0.8260000000
ENST00000319410	390	626	28	0.6790000000	0.7830000000	0.8660000000	0.5640000000
ENST00000319410	391	626	29	0.6900000000	0.7820000000	0.8820000000	0.6580000000
ENST00000319410	392	626	29	0.6900000000	0.7880000000	0.8760000000	0.6520000000
ENST00000319410	393	626	27	0.7040000000	0.7880000000	0.8930000000	0.7350000000
ENST00000319410	394	626	27	0.7040000000	0.7890000000	0.8920000000	0.7340000000
ENST00000319410	395	626	26	0.6920000000	0.7790000000	0.8890000000	0.7330000000
ENST00000319410	396	626	22	0.6360000000	0.7620000000	0.8350000000	0.6060000000
ENST00000319410	397	626	23	0.6090000000	0.7720000000	0.7880000000	0.4160000000
ENST00000319410	398	626	22	0.5910000000	0.7750000000	0.7630000000	0.3930000000
ENST00000319410	399	626	20	0.6000000000	0.7850000000	0.7650000000	0.3630000000
ENST00000319410	400	626	19	0.5790000000	0.7680000000	0.7540000000	0.3730000000
ENST00000319410	401	626	20	0.5500000000	0.7770000000	0.7080000000	0.2700000000
ENST00000319410	402	626	24	0.6670000000	0.7780000000	0.8570000000	0.6180000000
ENST00000319410	403	626	22	0.6820000000	0.7670000000	0.8890000000	0.7180000000
ENST00000319410	404	626	24	0.6670000000	0.7720000000	0.8630000000	0.6270000000
ENST00000319410	405	626	24	0.6250000000	0.7830000000	0.7980000000	0.4160000000
ENST00000319410	406	626	26	0.6150000000	0.7830000000	0.7860000000	0.3560000000
ENST00000319410	407	626	25	0.6000000000	0.7720000000	0.7770000000	0.3570000000
ENST00000319410	408	626	26	0.5770000000	0.7640000000	0.7550000000	0.3020000000
ENST00000319410	409	626	26	0.5770000000	0.7650000000	0.7540000000	0.3000000000
ENST00000319410	410	626	27	0.6300000000	0.7600000000	0.8290000000	0.4860000000
ENST00000319410	411	626	25	0.6800000000	0.7530000000	0.9030000000	0.7510000000
ENST00000319410	412	626	26	0.6920000000	0.7500000000	0.9230000000	0.8460000000
ENST00000319410	413	626	27	0.7040000000	0.7500000000	0.9380000000	0.9260000000
ENST00000319410	414	626	29	0.7240000000	0.7660000000	0.9450000000	0.9290000000
ENST00000319410	415	626	30	0.7000000000	0.7550000000	0.9270000000	0.8620000000
ENST00000319410	416	626	30	0.7000000000	0.7650000000	0.9150000000	0.7730000000
ENST00000319410	417	626	29	0.6900000000	0.7750000000	0.8900000000	0.6690000000
ENST00000319410	418	626	30	0.7000000000	0.7650000000	0.9150000000	0.7730000000
ENST00000319410	419	626	31	0.7100000000	0.7750000000	0.9160000000	0.7720000000
ENST00000319410	420	626	32	0.7190000000	0.7750000000	0.9280000000	0.7810000000
ENST00000319410	421	626	32	0.7190000000	0.7750000000	0.9280000000	0.7810000000
ENST00000319410	422	626	30	0.7330000000	0.7610000000	0.9640000000	0.9380000000
ENST00000319410	423	626	29	0.6900000000	0.7500000000	0.9200000000	0.8580000000
ENST00000319410	424	626	29	0.6900000000	0.7660000000	0.9000000000	0.7620000000
ENST00000319410	425	626	28	0.7140000000	0.7650000000	0.9340000000	0.8510000000
ENST00000319410	426	626	28	0.7500000000	0.7490000000	1.0020000000	1.0000000000
ENST00000319410	427	626	27	0.7780000000	0.7490000000	1.0390000000	0.9800000000
ENST00000319410	428	626	27	0.7780000000	0.7580000000	1.0260000000	1.0000000000
ENST00000319410	429	626	29	0.7590000000	0.7580000000	1.0000000000	1.0000000000
ENST00000319410	430	626	30	0.7670000000	0.7580000000	1.0110000000	1.0000000000
ENST00000319410	431	626	28	0.7500000000	0.7640000000	0.9820000000	0.9800000000
ENST00000319410	432	626	27	0.7410000000	0.7810000000	0.9480000000	0.9180000000
ENST00000319410	433	626	25	0.7200000000	0.7860000000	0.9160000000	0.8220000000
ENST00000319410	434	626	22	0.7270000000	0.7750000000	0.9390000000	0.9060000000
ENST00000319410	435	626	21	0.7140000000	0.7680000000	0.9300000000	0.9040000000
ENST00000319410	436	626	19	0.7370000000	0.7780000000	0.9470000000	0.9000000000
ENST00000319410	437	626	20	0.7500000000	0.7680000000	0.9770000000	0.9800000000
ENST00000319410	438	626	22	0.7730000000	0.7580000000	1.0190000000	1.0000000000
ENST00000319410	439	626	21	0.8100000000	0.7680000000	1.0540000000	0.9800000000
ENST00000319410	440	626	21	0.8100000000	0.7640000000	1.0600000000	0.9800000000
ENST00000319410	441	626	21	0.8100000000	0.7540000000	1.0730000000	0.9800000000
ENST00000319410	442	626	25	0.8400000000	0.7650000000	1.0980000000	0.8360000000
ENST00000319410	443	626	26	0.8080000000	0.7810000000	1.0340000000	1.0000000000
ENST00000319410	444	626	25	0.8400000000	0.7870000000	1.0670000000	0.9140000000
ENST00000319410	445	626	26	0.8460000000	0.7800000000	1.0850000000	0.9150000000
ENST00000319410	446	626	26	0.8460000000	0.7700000000	1.0980000000	0.8370000000
ENST00000319410	447	626	27	0.8150000000	0.7760000000	1.0500000000	0.9800000000
ENST00000319410	448	626	26	0.8080000000	0.7860000000	1.0280000000	1.0000000000
ENST00000319410	449	626	26	0.8080000000	0.7760000000	1.0410000000	0.9800000000
ENST00000319410	450	626	23	0.8700000000	0.7760000000	1.1210000000	0.8130000000
ENST00000319410	451	626	21	0.9050000000	0.7750000000	1.1680000000	0.5930000000
ENST00000319410	452	626	21	0.8570000000	0.7850000000	1.0930000000	0.9020000000
ENST00000319410	453	626	23	0.8700000000	0.7730000000	1.1240000000	0.7240000000
ENST00000319410	454	626	25	0.8400000000	0.7640000000	1.1000000000	0.8350000000
ENST00000319410	455	626	25	0.8400000000	0.7640000000	1.1000000000	0.8350000000
ENST00000319410	456	626	27	0.8520000000	0.7490000000	1.1380000000	0.6700000000
ENST00000319410	457	626	27	0.8520000000	0.7390000000	1.1530000000	0.6710000000
ENST00000319410	458	626	28	0.8210000000	0.7390000000	1.1110000000	0.7740000000
ENST00000319410	459	626	27	0.8150000000	0.7390000000	1.1020000000	0.8530000000
ENST00000319410	460	626	26	0.8080000000	0.7350000000	1.0990000000	0.8510000000
ENST00000319410	461	626	26	0.8080000000	0.7300000000	1.1070000000	0.8510000000
ENST00000319410	462	626	25	0.8000000000	0.7300000000	1.0960000000	0.8500000000
ENST00000319410	463	626	23	0.7390000000	0.7300000000	1.0130000000	1.0000000000
ENST00000319410	464	626	24	0.7920000000	0.7280000000	1.0870000000	0.9210000000
ENST00000319410	465	626	22	0.7270000000	0.7230000000	1.0060000000	1.0000000000
ENST00000319410	466	626	23	0.7390000000	0.7140000000	1.0360000000	1.0000000000
ENST00000319410	467	626	24	0.7500000000	0.7140000000	1.0510000000	0.9800000000
ENST00000319410	468	626	24	0.7920000000	0.7230000000	1.0950000000	0.9220000000
ENST00000319410	469	626	24	0.7920000000	0.7240000000	1.0930000000	0.9220000000
ENST00000319410	470	626	25	0.7600000000	0.7190000000	1.0570000000	0.9800000000
ENST00000319410	471	626	25	0.7600000000	0.7280000000	1.0440000000	0.9800000000
ENST00000319410	472	626	26	0.7310000000	0.7190000000	1.0160000000	1.0000000000
ENST00000319410	473	626	26	0.7690000000	0.7100000000	1.0840000000	0.9330000000
ENST00000319410	474	626	28	0.7500000000	0.7190000000	1.0430000000	0.9820000000
ENST00000319410	475	626	26	0.7690000000	0.7240000000	1.0620000000	0.9800000000
ENST00000319410	476	626	28	0.7860000000	0.7350000000	1.0690000000	0.9360000000
ENST00000319410	477	626	26	0.7310000000	0.7410000000	0.9870000000	1.0000000000
ENST00000319410	478	626	29	0.7240000000	0.7410000000	0.9780000000	0.9820000000
ENST00000319410	479	626	29	0.7590000000	0.7510000000	1.0100000000	1.0000000000
ENST00000319410	480	626	28	0.7500000000	0.7570000000	0.9910000000	1.0000000000
ENST00000319410	481	626	30	0.7330000000	0.7610000000	0.9640000000	0.9380000000
ENST00000319410	482	626	30	0.7330000000	0.7720000000	0.9500000000	0.9310000000
ENST00000319410	483	626	32	0.7500000000	0.7830000000	0.9580000000	0.9340000000
ENST00000319410	484	626	31	0.7420000000	0.7720000000	0.9610000000	0.9360000000
ENST00000319410	485	626	30	0.7000000000	0.7720000000	0.9070000000	0.7660000000
ENST00000319410	486	626	30	0.7000000000	0.7770000000	0.9010000000	0.7620000000
ENST00000319410	487	626	29	0.6900000000	0.7930000000	0.8690000000	0.5600000000
ENST00000319410	488	626	27	0.6670000000	0.8040000000	0.8290000000	0.4330000000
ENST00000319410	489	626	25	0.6400000000	0.7950000000	0.8050000000	0.4150000000
ENST00000319410	490	626	25	0.6400000000	0.7880000000	0.8120000000	0.4290000000
ENST00000319410	491	626	24	0.6670000000	0.7930000000	0.8400000000	0.5100000000
ENST00000319410	492	626	24	0.6250000000	0.7930000000	0.7880000000	0.4000000000
ENST00000319410	493	626	24	0.6670000000	0.8080000000	0.8250000000	0.4790000000
ENST00000319410	494	626	23	0.6520000000	0.8190000000	0.7970000000	0.3570000000
ENST00000319410	495	626	22	0.6820000000	0.8090000000	0.8430000000	0.5570000000
ENST00000319410	496	626	24	0.6670000000	0.8030000000	0.8300000000	0.4860000000
ENST00000319410	497	626	23	0.6520000000	0.8020000000	0.8130000000	0.4730000000
ENST00000319410	498	626	23	0.6960000000	0.8120000000	0.8570000000	0.5690000000
ENST00000319410	499	626	20	0.7000000000	0.8120000000	0.8620000000	0.6460000000
ENST00000319410	500	626	18	0.6670000000	0.7960000000	0.8380000000	0.6370000000
ENST00000319410	501	626	19	0.6840000000	0.7900000000	0.8660000000	0.6610000000
ENST00000319410	502	626	17	0.7060000000	0.7900000000	0.8930000000	0.7610000000
ENST00000319410	503	626	17	0.6470000000	0.7790000000	0.8310000000	0.6380000000
ENST00000319410	504	626	15	0.6000000000	0.7790000000	0.7700000000	0.4820000000
ENST00000319410	505	626	14	0.6430000000	0.7890000000	0.8150000000	0.5860000000
ENST00000319410	506	626	16	0.5620000000	0.7730000000	0.7270000000	0.3880000000
ENST00000319410	507	626	16	0.6250000000	0.7790000000	0.8020000000	0.5220000000
ENST00000319410	508	626	17	0.5880000000	0.7620000000	0.7720000000	0.5340000000
ENST00000319410	509	626	18	0.6110000000	0.7680000000	0.7960000000	0.5440000000
ENST00000319410	510	626	21	0.6190000000	0.7780000000	0.7960000000	0.4730000000
ENST00000319410	511	626	22	0.6360000000	0.7830000000	0.8120000000	0.4840000000
ENST00000319410	512	626	23	0.6520000000	0.7930000000	0.8220000000	0.4860000000
ENST00000319410	513	626	25	0.6800000000	0.7890000000	0.8620000000	0.6170000000
ENST00000319410	514	626	26	0.6920000000	0.7850000000	0.8820000000	0.6400000000
ENST00000319410	515	626	29	0.6900000000	0.7850000000	0.8790000000	0.6550000000
ENST00000319410	516	626	28	0.6430000000	0.7850000000	0.8190000000	0.4620000000
ENST00000319410	517	626	26	0.6540000000	0.7930000000	0.8240000000	0.4390000000
ENST00000319410	518	626	25	0.6400000000	0.7830000000	0.8170000000	0.4410000000
ENST00000319410	519	626	24	0.6250000000	0.7830000000	0.7980000000	0.4160000000
ENST00000319410	520	626	24	0.6250000000	0.7780000000	0.8040000000	0.4290000000
ENST00000319410	521	626	24	0.6250000000	0.7940000000	0.7870000000	0.3990000000
ENST00000319410	522	626	24	0.6250000000	0.8060000000	0.7760000000	0.3050000000
ENST00000319410	523	626	24	0.6250000000	0.7960000000	0.7860000000	0.3980000000
ENST00000319410	524	626	25	0.6800000000	0.8120000000	0.8370000000	0.4870000000
ENST00000319410	525	626	27	0.7040000000	0.7960000000	0.8850000000	0.6370000000
ENST00000319410	526	626	27	0.7040000000	0.7960000000	0.8850000000	0.6370000000
ENST00000319410	527	626	27	0.7780000000	0.7960000000	0.9780000000	0.9800000000
ENST00000319410	528	626	26	0.7690000000	0.7940000000	0.9680000000	0.9800000000
ENST00000319410	529	626	24	0.7920000000	0.7940000000	0.9970000000	1.0000000000
ENST00000319410	530	626	23	0.7830000000	0.7890000000	0.9920000000	1.0000000000
ENST00000319410	531	626	21	0.7620000000	0.7890000000	0.9660000000	0.9800000000
ENST00000319410	532	626	20	0.7500000000	0.7890000000	0.9510000000	0.9010000000
ENST00000319410	533	626	20	0.7500000000	0.7890000000	0.9510000000	0.9010000000
ENST00000319410	534	626	19	0.7890000000	0.7830000000	1.0080000000	1.0000000000
ENST00000319410	535	626	18	0.7780000000	0.7830000000	0.9930000000	1.0000000000
ENST00000319410	536	626	16	0.8120000000	0.7720000000	1.0520000000	1.0000000000
ENST00000319410	537	626	14	0.8570000000	0.7820000000	1.0960000000	0.9800000000
ENST00000319410	538	626	15	0.8000000000	0.7730000000	1.0340000000	1.0000000000
ENST00000319410	539	626	15	0.8000000000	0.7730000000	1.0340000000	1.0000000000
ENST00000319410	540	626	17	0.7650000000	0.7640000000	1.0010000000	1.0000000000
ENST00000319410	541	626	17	0.7650000000	0.7800000000	0.9800000000	0.9800000000
ENST00000319410	542	626	18	0.7220000000	0.7800000000	0.9260000000	0.8900000000
ENST00000319410	543	626	20	0.7500000000	0.7790000000	0.9630000000	0.9800000000
ENST00000319410	544	626	21	0.7620000000	0.7790000000	0.9780000000	0.9800000000
ENST00000319410	545	626	21	0.7620000000	0.7790000000	0.9780000000	0.9800000000
ENST00000319410	546	626	21	0.7140000000	0.7960000000	0.8980000000	0.7870000000
ENST00000319410	547	626	23	0.7390000000	0.7910000000	0.9340000000	0.9050000000
ENST00000319410	548	626	22	0.7270000000	0.8080000000	0.9000000000	0.7860000000
ENST00000319410	549	626	22	0.7270000000	0.8080000000	0.9000000000	0.7860000000
ENST00000319410	550	626	23	0.6960000000	0.8190000000	0.8500000000	0.5580000000
ENST00000319410	551	626	23	0.6960000000	0.8190000000	0.8500000000	0.5580000000
ENST00000319410	552	626	23	0.7390000000	0.8190000000	0.9030000000	0.6860000000
ENST00000319410	553	626	25	0.7200000000	0.8090000000	0.8900000000	0.7010000000
ENST00000319410	554	626	26	0.7310000000	0.7990000000	0.9150000000	0.8200000000
ENST00000319410	555	626	25	0.6800000000	0.7930000000	0.8570000000	0.6120000000
ENST00000319410	556	626	24	0.6670000000	0.7930000000	0.8400000000	0.5100000000
ENST00000319410	557	626	23	0.6520000000	0.8020000000	0.8130000000	0.4730000000
ENST00000319410	558	626	23	0.6520000000	0.7920000000	0.8230000000	0.4880000000
ENST00000319410	559	626	23	0.6960000000	0.7870000000	0.8840000000	0.7040000000
ENST00000319410	560	626	25	0.6800000000	0.7870000000	0.8640000000	0.6210000000
ENST00000319410	561	626	26	0.6150000000	0.7870000000	0.7820000000	0.3490000000
ENST00000319410	562	626	26	0.6150000000	0.7760000000	0.7930000000	0.3730000000
ENST00000319410	563	626	29	0.6550000000	0.7650000000	0.8560000000	0.5810000000
ENST00000319410	564	626	26	0.6150000000	0.7550000000	0.8150000000	0.4730000000
ENST00000319410	565	626	25	0.6000000000	0.7690000000	0.7800000000	0.3640000000
ENST00000319410	566	626	25	0.6000000000	0.7530000000	0.7970000000	0.4590000000
ENST00000319410	567	626	28	0.6790000000	0.7580000000	0.8950000000	0.7600000000
ENST00000319410	568	626	28	0.6790000000	0.7530000000	0.9010000000	0.7650000000
ENST00000319410	569	626	26	0.6920000000	0.7470000000	0.9260000000	0.8480000000
ENST00000319410	570	626	26	0.6920000000	0.7490000000	0.9250000000	0.8470000000
ENST00000319410	571	626	27	0.7410000000	0.7310000000	1.0140000000	1.0000000000
ENST00000319410	572	626	29	0.7240000000	0.7200000000	1.0060000000	1.0000000000
ENST00000319410	573	626	31	0.7420000000	0.7100000000	1.0440000000	0.9870000000
ENST00000319410	574	626	30	0.7670000000	0.7270000000	1.0550000000	0.9830000000
ENST00000319410	575	626	28	0.7500000000	0.7380000000	1.0170000000	1.0000000000
ENST00000319410	576	626	30	0.7330000000	0.7430000000	0.9870000000	0.9830000000
ENST00000319410	577	626	34	0.6760000000	0.7340000000	0.9220000000	0.8070000000
ENST00000319410	578	626	34	0.6760000000	0.7370000000	0.9180000000	0.8040000000
ENST00000319410	579	626	36	0.6670000000	0.7370000000	0.9050000000	0.7370000000
ENST00000319410	580	626	37	0.6760000000	0.7530000000	0.8980000000	0.7320000000
ENST00000319410	581	626	38	0.7110000000	0.7630000000	0.9310000000	0.8100000000
ENST00000319410	582	626	35	0.7710000000	0.7690000000	1.0030000000	1.0000000000
ENST00000319410	583	626	37	0.7840000000	0.7780000000	1.0070000000	1.0000000000
ENST00000319410	584	626	33	0.7880000000	0.7880000000	1.0000000000	1.0000000000
ENST00000319410	585	626	33	0.7880000000	0.7880000000	1.0000000000	1.0000000000
ENST00000319410	586	626	36	0.7500000000	0.7740000000	0.9690000000	0.9550000000
ENST00000319410	587	626	35	0.7140000000	0.7690000000	0.9290000000	0.7960000000
ENST00000319410	588	626	30	0.6670000000	0.7630000000	0.8730000000	0.6020000000
ENST00000319410	589	626	28	0.6430000000	0.7630000000	0.8420000000	0.5700000000
ENST00000319410	590	626	31	0.6130000000	0.7580000000	0.8090000000	0.4390000000
ENST00000319410	591	626	31	0.6130000000	0.7630000000	0.8030000000	0.3670000000
ENST00000319410	592	626	30	0.5670000000	0.7800000000	0.7270000000	0.1990000000
ENST00000319410	593	626	31	0.5480000000	0.7800000000	0.7030000000	0.1210000000
ENST00000319410	594	626	29	0.5170000000	0.7890000000	0.6550000000	0.0670000000
ENST00000319410	595	626	28	0.5000000000	0.7840000000	0.6380000000	0.0620000000
ENST00000319410	596	626	29	0.5170000000	0.7830000000	0.6610000000	0.0940000000
ENST00000319410	597	626	27	0.5190000000	0.7920000000	0.6540000000	0.0760000000
ENST00000319410	598	626	24	0.5420000000	0.8020000000	0.6750000000	0.1140000000
ENST00000319410	599	626	27	0.5560000000	0.8020000000	0.6930000000	0.1090000000
ENST00000319410	600	626	29	0.5860000000	0.8020000000	0.7310000000	0.1630000000
ENST00000319410	601	626	28	0.5360000000	0.7910000000	0.6770000000	0.1160000000
ENST00000319410	602	626	26	0.4620000000	0.7800000000	0.5920000000	0.0430000000
ENST00000319410	603	626	27	0.4810000000	0.7750000000	0.6210000000	0.0610000000
ENST00000319410	604	626	25	0.4400000000	0.7760000000	0.5670000000	0.0360000000
ENST00000319410	605	626	28	0.4640000000	0.7660000000	0.6060000000	0.0490000000
ENST00000319410	606	626	29	0.4480000000	0.7610000000	0.5890000000	0.0370000000
ENST00000319410	607	626	26	0.4620000000	0.7700000000	0.5990000000	0.0530000000
ENST00000319410	608	626	25	0.4800000000	0.7870000000	0.6100000000	0.0560000000
ENST00000319410	609	626	25	0.4800000000	0.7760000000	0.6190000000	0.0710000000
ENST00000319410	610	626	26	0.5000000000	0.7760000000	0.6440000000	0.1100000000
ENST00000319410	611	626	25	0.5600000000	0.7760000000	0.7220000000	0.2130000000
ENST00000319410	612	626	26	0.5380000000	0.7600000000	0.7090000000	0.2320000000
ENST00000319410	613	626	26	0.5770000000	0.7500000000	0.7690000000	0.3880000000
ENST00000319410	614	626	24	0.6250000000	0.7500000000	0.8330000000	0.5490000000
ENST00000319410	615	626	24	0.6250000000	0.7410000000	0.8440000000	0.6420000000
ENST00000319410	616	626	24	0.6250000000	0.7330000000	0.8530000000	0.6490000000
ENST00000319410	617	626	23	0.6090000000	0.7260000000	0.8380000000	0.6420000000
ENST00000319410	618	626	22	0.6360000000	0.7190000000	0.8850000000	0.8310000000
ENST00000319410	619	626	21	0.6670000000	0.7110000000	0.9380000000	0.9150000000
ENST00000319410	620	626	18	0.6670000000	0.6990000000	0.9530000000	0.9800000000
ENST00000319410	621	626	14	0.6430000000	0.7010000000	0.9160000000	0.8930000000
ENST00000319410	622	626	13	0.6920000000	0.7040000000	0.9830000000	1.0000000000
ENST00000319410	623	626	12	0.7500000000	0.7070000000	1.0610000000	1.0000000000
ENST00000319410	624	626	11	0.7270000000	0.7100000000	1.0240000000	1.0000000000
ENST00000319410	625	626	11	0.7270000000	0.6940000000	1.0480000000	1.0000000000
ENST00000319410	626	626	8	0.7500000000	0.6970000000	1.0770000000	1.0000000000